sample_id,iteration,seed,Percentage of burned trees
0,0,6162961283163862125684336470357099593,0.019
0,1,101649471688653863930822266818403915242,0.033
0,2,216837661314011096387824434049524317771,0.0295
0,3,53547529138859905520175384762159150123,0.029
0,4,274617877897933080069282440409839818070,0.026
0,5,35684285051875375197583196512746931607,0.038
0,6,9893551065556456052515046322409142861,0.026
0,7,180960148340379037418915532737416090152,0.0385
0,8,183898082840329890298048815665814111654,0.0375
0,9,24809609753407760364807533926700640984,0.031
0,10,129894723616125571606584037393688073163,0.035
0,11,130162185277017111007349865666662420266,0.028
0,12,155627716094452333833570385507220311448,0.0265
0,13,29054870210027926436824840772600500087,0.0315
0,14,83836575741056583787065322410145617764,0.029
0,15,312827539117625983373852681567392055553,0.0315
0,16,9999919602586109852319961268078989669,0.0365
0,17,4022486295418428900338449857046080969,0.0285
0,18,312756149041138973916034677976524911471,0.028
0,19,3094049185581956640856333398407757803,0.03
0,20,313142966211513189388220198956083510154,0.039
0,21,44152711488650767392391728232230357005,0.0285
0,22,321790233632433727083519266736491071930,0.0245
0,23,20783364082439426714157916685003357446,0.0215
0,24,265210014235876551949408235284045448309,0.0325
0,25,85949040415663417963702414374950400827,0.0225
0,26,51235790969325859812611096158968229060,0.0305
0,27,192830735271431032099616738189409128207,0.024
0,28,7168036059306210552799066358015410650,0.029
0,29,38413637547163620870157504109426381929,0.021
0,30,46622213973505425382592345883666922759,0.0365
0,31,269388145108436763170374283506915432410,0.0245
0,32,332551680572331987844854446612336415857,0.019
0,33,176777792143823868817191085758073375163,0.03
0,34,76676997099960104213929549233713711572,0.022
0,35,183040145495700427034932252039193763761,0.0345
0,36,24978454081971378791693932490541745582,0.0255
0,37,113175805148589247117554706828082473272,0.021
0,38,136188001527197594580517745699771141900,0.024
0,39,143473498478481958804303978880333054907,0.034
1,0,93643193481721318203464082019662380840,0.031820308844174076
1,1,252005697831079495212511122892513306900,0.029480580252690687
1,2,206741971537923484789905866802529233360,0.03603182030884417
1,3,154470922639130179303362907120751705664,0.029948525970987367
1,4,48093956699097457402593844415491381320,0.02573701450631727
1,5,94234195315578828128031214017132743702,0.02901263453439401
1,6,272391025537163569163476674133804923979,0.023865231633130556
1,7,74137634680998461683301725853164118813,0.028076743097800654
1,8,74111554998604627560476821694180671822,0.022461394478240523
1,9,46346286236973355374718969124969916276,0.040243331773514274
1,10,235569229126831939807032304884091188349,0.022929340196537203
1,11,201660226811197832364561564383973520572,0.02901263453439401
1,12,35584141028977871784728323384203815923,0.02526906878802059
1,13,289597163204605276603428230980310159315,0.03228825456247075
1,14,221450828284443944783493822038430283644,0.02667290594291062
1,15,88157017001937007204894561746806604626,0.029948525970987367
1,16,24080159605073208852184196626651829812,0.022929340196537203
1,17,233138697285417886222696925964580810979,0.027608797379503978
1,18,96098740414347968431945913611765812738,0.026204960224613945
1,19,282245258535195246376870305877085345505,0.020121665886757137
1,20,54937640333020424680117044975445238891,0.027608797379503978
1,21,319144275659203934416394937276103579020,0.030416471689284044
1,22,110377384302862814816382243814603996790,0.029480580252690687
1,23,160975211114338798745334381599092672856,0.023865231633130556
1,24,73716728863072017423285816715528764542,0.02573701450631727
1,25,45844981715955834199509382789479157908,0.029480580252690687
1,26,205996185802113891411908751708828803119,0.029948525970987367
1,27,326363313804999570770164612196400610302,0.0271408516612073
1,28,80415354734616075514789206155496489854,0.01544220870379036
1,29,291061782618865970211133690631517483146,0.029480580252690687
1,30,303506990883563300761422547787913809175,0.03369209171736079
1,31,239373395267220966920087918162722879924,0.030416471689284044
1,32,11947408156124210912162990718093893451,0.029948525970987367
1,33,71650832171558346987397860566451509427,0.03462798315395414
1,34,98487182442113774161360278948594871461,0.030416471689284044
1,35,211533792268021214282511783422604589987,0.024333177351427236
1,36,224365299440897778978612702185802836403,0.02339728591483388
1,37,322601513911638149989458172802392746752,0.028076743097800654
1,38,37106817991789931632533398421055148192,0.028076743097800654
1,39,134814830682301721174696969438987164833,0.030416471689284044
2,0,6907648653310200596633117547398444047,0.027692307692307693
2,1,54531146854430153345270274511363768915,0.02945054945054945
2,2,133718956976854700323350895576980401721,0.027692307692307693
2,3,153676847245159851292485895433739048873,0.02989010989010989
2,4,92633639631234490071434165507613811169,0.03868131868131868
2,5,271326116374194843911358809320939854929,0.03032967032967033
2,6,316717965358657311647493059182620995883,0.023736263736263738
2,7,23978749770206171608577804879916002055,0.01978021978021978
2,8,10615311055053852824618238704311567333,0.026813186813186812
2,9,91771342883661053465598569817767022926,0.02197802197802198
2,10,86280704269521625138978461455360199316,0.036923076923076927
2,11,287351707074128700900071685846343430351,0.03164835164835165
2,12,315490788226163779724597656783579879334,0.026813186813186812
2,13,91232652509031935269228643381113643350,0.027252747252747254
2,14,38855499202775930391987352359788890638,0.03208791208791209
2,15,254311697849102199736862882049646448251,0.03428571428571429
2,16,107587373176408436614641200168625739441,0.03076923076923077
2,17,13412503539757374790613717835961198928,0.0210989010989011
2,18,226935956632525557064551232441360011741,0.03736263736263736
2,19,284207105560473216337137457134697294515,0.03164835164835165
2,20,105474427478805237637228667156335792219,0.03296703296703297
2,21,122202149873164840011050277653313592244,0.027692307692307693
2,22,212448085122936890595111652583504078253,0.03208791208791209
2,23,328970425304361884062581909298778301243,0.023736263736263738
2,24,31168825833008527979444091027219722160,0.028131868131868132
2,25,14708651170850237041472004478859970564,0.03208791208791209
2,26,44683885039982845982493745900912953351,0.03824175824175824
2,27,127341528893193922683941977870054577558,0.027692307692307693
2,28,242420915461075415948656991184863955545,0.028131868131868132
2,29,52696586678899619489351318156072859342,0.03824175824175824
2,30,23930399474928419626147820367007257986,0.024175824175824177
2,31,187572605543119320469564646398993209369,0.03296703296703297
2,32,254601110718131827949659576082940362659,0.03428571428571429
2,33,267696526061463537870702748801758816938,0.03032967032967033
2,34,105308864018673678569785942446209739526,0.036483516483516484
2,35,338967696168666808767798971507799724225,0.026373626373626374
2,36,286472733144593074329318156896065173875,0.03076923076923077
2,37,104021849243811777229199581424591952257,0.02241758241758242
2,38,170381015059985811303731746285896361148,0.036483516483516484
2,39,281851711478608045374108910591020091667,0.027252747252747254
3,0,32156918324053012115820808420552900129,0.020721094073767096
3,1,266559567783474261849958850156122220217,0.036469125569830084
3,2,79192913827596639656590426475888993380,0.029423953584749276
3,3,242783006521511238659952693790210165608,0.04144218814753419
3,4,29047275693328197641950243586076755825,0.02818068794032325
3,5,105990613350949088125375637594214378603,0.033568172399502695
3,6,68582500079135681808069039673673474049,0.04061334438458351
3,7,34938345717676776412791593913618419832,0.030252797347699957
3,8,108075354590197513572815087164483331973,0.02818068794032325
3,9,240402863495535704620021881409915417792,0.04931620389556569
3,10,213641146693350051904897809170035193439,0.030252797347699957
3,11,278529511498964188889944301829089870342,0.03937007874015748
3,12,298090803351167202799178318028541859510,0.021135515955242438
3,13,104017376988652861249076413194616366063,0.03439701616245338
3,14,281211431091364074544928414769840420381,0.023622047244094488
3,15,215552866473753759842679484202693060975,0.0306672192291753
3,16,113974015942673678221464374617041148120,0.03273932863655201
3,17,118969196043550369408174159131541268114,0.03937007874015748
3,18,23338578062801874007788942336396440768,0.029423953584749276
3,19,270690914218535347709835449913227301754,0.03232490675507667
3,20,101571348723762216610130548150620153877,0.033568172399502695
3,21,85665503469369595293551463454713631911,0.02818068794032325
3,22,131772473579905503112975572965175660776,0.0256941566514712
3,23,34447775403173731313307758606763086378,0.02652300041442188
3,24,4177745637075828410956588054179653649,0.023207625362619146
3,25,280092245191355818127697122385416218541,0.033568172399502695
3,26,182109970941293782489101606248296694075,0.0256941566514712
3,27,257010786704825491025699382591377153647,0.03812681309573145
3,28,239157791980630061840455617896688365897,0.0435142975549109
3,29,50852537828282055393613618996307001031,0.029009531703273934
3,30,321853387561152090129776835959574874200,0.03439701616245338
3,31,259519457535718001274490583623117950666,0.027351844177372565
3,32,190331424659682186192194322568158017861,0.020306672192291753
3,33,310645676440139610204849149016218784269,0.018234562784915042
3,34,53205899489243103867152675713538555484,0.035225859925404064
3,35,310329903166994059438575078403880198872,0.03481143804392872
3,36,139942360326756320849496656166482437357,0.023207625362619146
3,37,46218730756377801513812459186724972916,0.029009531703273934
3,38,227670517147006201756822083964480662192,0.02237878159966846
3,39,21446115162973397290107750656860904947,0.031910484873601326
4,0,89551931651940044416797294738753827151,0.02822422579380635
4,1,110169495705226214074980732002793266163,0.03018424147393179
4,2,318934303081803591773585035598062652156,0.03410427283418267
4,3,33291350209864372535158835135254335674,0.026656213249705997
4,4,99119506801082211472459802763475232168,0.03057624460995688
4,5,204999060650181371447160144062805157781,0.03410427283418267
4,6,210439533319766166607391899841122080145,0.029008232065856527
4,7,172889374315932043937514525521949303089,0.024304194433555467
4,8,99070878885991028228794048588780687868,0.024696197569580556
4,9,326648190471277409830894494652437073063,0.023520188161505293
4,10,71947338437614700494552328418168059633,0.022736181889455115
4,11,69922276339809161565739655013333505087,0.023520188161505293
4,12,24481004953427247660787731338027872438,0.030968247745981968
4,13,204314467460116079803830641223139435599,0.03410427283418267
4,14,258424916805821190353882792998667198271,0.029008232065856527
4,15,32663066528948609982812213217218490482,0.03841630733045864
4,16,751065968381754886940083994105132516,0.025872206977655823
4,17,287234075885546236502720518044224214514,0.029792238337906705
4,18,240495094466199812058994275439314079056,0.01960015680125441
4,19,177169384649313172760747488200591492025,0.03449627597020776
4,20,32617094910009270711610669943389207968,0.029792238337906705
4,21,46442034884524623089665701129211917584,0.029400235201881616
4,22,319470598870796325536319610619779510005,0.026656213249705997
4,23,301370981271910522616919861763620230171,0.026264210113680908
4,24,35195462047453878365692904494922965806,0.03841630733045864
4,25,299885293563715896352266647555551221207,0.033320266562132494
4,26,289021226843544030250557455498811095789,0.03410427283418267
4,27,168427094588627136374945153578078427619,0.029400235201881616
4,28,259880776748523019466644855339546572400,0.03567228537828303
4,29,282946776605731570191768112244404977608,0.032144257154057235
4,30,163659421951855164710131439242213274395,0.03410427283418267
4,31,187661593638852089436178621151534882307,0.03528028224225794
4,32,175275038337106923198725063566122108059,0.03136025088200706
4,33,155441064609853442197950737601049695980,0.025480203841630734
4,34,128424213837064136260696039337136676395,0.029400235201881616
4,35,122011986192263815115767877137218414146,0.03410427283418267
4,36,26830744678219498912360537832339717871,0.03724029792238338
4,37,301982908247651623679146158107039248994,0.03841630733045864
4,38,73269124389113614964747244290383341934,0.032144257154057235
4,39,89436602478023265869039137576739874525,0.042336338690709525
5,0,54186590637642357064143308503111885869,0.03904797322424693
5,1,288650515385446179340398786950177343359,0.027519523986612122
5,2,120749758680249403479365462649788205203,0.03272592041651171
5,3,280020219476929842192998814380174756983,0.026403867608776495
5,4,160399179230886912929779088132033493390,0.02714763852733358
5,5,126584123911751529910924438595930775635,0.025660096690219413
5,6,278330176408570744444552127653252804155,0.03644477500929714
5,7,323203110292402409525554984079643009669,0.0334696913350688
5,8,290280398279310219818138079593301364268,0.034585347712904425
5,9,322815101736119719365595077899860653592,0.029378951283004835
5,10,145884181710096231597641520474425316175,0.02714763852733358
5,11,311698794739658225822411111333244884124,0.03756043138713276
5,12,135978409398574005942014517031829379192,0.027519523986612122
5,13,198774157441261417106223126601605799261,0.030866493120119003
5,14,64088225772665517022533123588500718794,0.03570100409074005
5,15,105923921466683922761349951796249949873,0.030866493120119003
5,16,160725848106707102400642937902568817146,0.027519523986612122
5,17,287635915426462061524411986714603927366,0.03495723317218297
5,18,87953318237137163554755273431213980705,0.028263294905169208
5,19,146998355278812732736589222971100443496,0.03495723317218297
5,20,291794779944666060154061592134374665554,0.033097805875790254
5,21,338592841327675771860538646188992997269,0.029750836742283376
5,22,30925911886126149153323016048421483986,0.027891409445890667
5,23,268715579576750776315366631339239441613,0.03644477500929714
5,24,297716556473848192165280276641663700457,0.02528821123094087
5,25,329727257417923632628299742002142006913,0.03198214949795463
5,26,253181681156076220866493999757271674533,0.03756043138713276
5,27,331535323458417062077130769451834080526,0.040907400520639646
5,28,298643481904445371769429723335514333132,0.028263294905169208
5,29,216631885227723862793720214368585135690,0.030866493120119003
5,30,238447766120303462737905990142584311656,0.03644477500929714
5,31,20385758858543047502686502766455512187,0.03495723317218297
5,32,320108899483589706838611563161057270025,0.029378951283004835
5,33,207633386658011935316223903092231384404,0.03198214949795463
5,34,171979413139205572417404753735032849245,0.027519523986612122
5,35,119585774954776769022101637763842558310,0.028263294905169208
5,36,124684021163074389078889122802084201800,0.04351059873558944
5,37,306118670226045143706653680291194535628,0.02677575306805504
5,38,266078968892747756111174782112934799676,0.034213462253625884
5,39,202071296151353520433970098934045073967,0.04351059873558944
6,0,44211135559299482723270967594505797794,0.025468694729395117
6,1,112312495459695432938352406851986040506,0.035373187124159884
6,2,313391152172278252954048740504129334488,0.026883622214361514
6,3,140392357098501420814436418404706295105,0.035373187124159884
6,4,170412974676498671766987127314948404036,0.051998585072515036
6,5,93600354164764422178404006268591948527,0.04810753448885745
6,6,29880572813025185260821118217786653638,0.052706048814998234
6,7,130994746918393544400810262744966508636,0.0325433321542271
6,8,139997122951693552123272272615212521616,0.035373187124159884
6,9,267826035650158612586651797531885091145,0.04704633887513265
6,10,43125343762307000646389168414458197898,0.036434382737884685
6,11,19268318717929183549065412145099000046,0.05235231694375663
6,12,85301593502862969771376025084144627597,0.039617969579059074
6,13,278842219510292635066668912716882167117,0.04916873010258224
6,14,297897763047072415214563497527597539539,0.0325433321542271
6,15,57747106317274045075297842764728707166,0.042094092677750265
6,16,17779122986746127344868397011729454877,0.039617969579059074
6,17,283452684735143504607481154696055501048,0.03926423770781747
6,18,274321386792392323192012571071168138451,0.026176158471878316
6,19,207136625008957877140873458974060937630,0.030067209055535903
6,20,148864420797140386281851946314634174373,0.030067209055535903
6,21,238074062380021286332178625926274816903,0.04032543332154227
6,22,91604726549012321610638300704456627624,0.039617969579059074
6,23,50303524674904997452998841737530718499,0.03431199151043509
6,24,234946254874100372577220246896672664522,0.0311284046692607
6,25,196189527496969191755780594685092451737,0.03749557835160948
6,26,208790773352140568953364625553101437629,0.039617969579059074
6,27,217984324054454047806536070441337502412,0.0318358684117439
6,28,70266490878358041253904870912005087116,0.0314821365405023
6,29,135150600435307235604252620985936665605,0.0318358684117439
6,30,172136482303436037731081727881164747439,0.030067209055535903
6,31,30827383888687136594387830147435602036,0.04103289706402547
6,32,265623054569341068545210229304404411014,0.04103289706402547
6,33,235259262367979020675387500098913224510,0.03501945525291829
6,34,85298954692571965370327474854730899964,0.039617969579059074
6,35,115401352351975595979800400852654324481,0.02794481782808631
6,36,125928829652746256051062649423716995694,0.04421648390519986
6,37,84090859925410717146840234488926149203,0.04138662893526707
6,38,298649513201112263352499377306823006633,0.0314821365405023
6,39,150361703529429527163030746314015730422,0.030067209055535903
7,0,326860536199349864496968035178504220422,0.04654300168634064
7,1,206088671926125023190596942727771556873,0.03305227655986509
7,2,337365890060536208005441835958522546438,0.04350758853288364
7,3,123952006475229272147404293654725475519,0.05430016863406408
7,4,229198219137617885978755196230792060759,0.0357504215851602
7,5,134482781572002197551204130259899848467,0.051264755480607084
7,6,113621561726412365800361918517355271738,0.027655986509274873
7,7,127353099829206089545936771287724121247,0.0418212478920742
7,8,318584435333730565080558814671065931832,0.03709949409780776
7,9,179373443831117058251664598454640190584,0.04350758853288364
7,10,333245727606984735374594514003642055307,0.03709949409780776
7,11,65314020032156816662494852085931090663,0.04688026981450253
7,12,183951679437466260384747825099587574194,0.03811129848229342
7,13,144230214961399294678862402465782732249,0.0357504215851602
7,14,173438103018014247351750430289596105726,0.040809443507588535
7,15,49068610822932732809164444577530604193,0.05227655986509275
7,16,90410618206928300400310672775956818512,0.02833052276559865
7,17,2004031962734918834067834015427979336,0.03811129848229342
7,18,267024584138666174887401593367693026481,0.029679595278246207
7,19,282643804461975617997635503243478104759,0.03777403035413154
7,20,70284111277477516852284507119325320917,0.037436762225969644
7,21,307407359871406710200403813231068837069,0.03338954468802698
7,22,29018140404142595541361078915943676496,0.034401349072512646
7,23,335816454793152620230544591497141116201,0.029342327150084318
7,24,281396524370805452784280060904849280015,0.03035413153456998
7,25,35823065296512817249420887517343455244,0.051264755480607084
7,26,292102879854463222333307722487566678539,0.03811129848229342
7,27,191930865500008737354061838918158466447,0.040809443507588535
7,28,49084103657255484206553881335619642116,0.025632377740303542
7,29,51958557860306995998781880041685786345,0.03473861720067454
7,30,85711957722159329809359691324223972406,0.04957841483979764
7,31,37116395023848104910119348818457580714,0.03237774030354131
7,32,169853045050592424234861679307818228395,0.03372681281618887
7,33,113616896462491806662996956758096659048,0.040134907251264756
7,34,83858837564031633798621045612029143000,0.03912310286677909
7,35,156903737133145116385706317178355370589,0.03170320404721754
7,36,103316161726356148113821450393838789672,0.03204047217537943
7,37,230163324431894138031401698218003263995,0.036762225969645866
7,38,293671241022481324640730389739557073768,0.0566610455311973
7,39,92653645649869704404008522663343925076,0.0387858347386172
8,0,287001208703705877315454509251645553587,0.037705446342249434
8,1,73815561272295924995876859052660670373,0.050918466000644536
8,2,123613302296013997552040208604664382073,0.044150821785369
8,3,135468990027499294574759514959952613265,0.059297454076699965
8,4,110637400996060133302648003568331219412,0.048340315823396714
8,5,310207826490935276779580041874649963082,0.03222687721559781
8,6,207611555917848858042282287305691527375,0.04189494038027715
8,7,237790437903729478665578148581226001157,0.0412504028359652
8,8,147037229516213517186817556185652126747,0.05543022881082823
8,9,104401129761050941652148415022272789636,0.045762165646148885
8,10,258699190359656548906367934903292339368,0.03706090879793748
8,11,48739872221487104427375017759166075351,0.0412504028359652
8,12,60165274139330080742964057258462890252,0.05446342249436029
8,13,238981514917925299201975468087348975183,0.044795359329680956
8,14,220814641831037988193323366626655275168,0.03222687721559781
8,15,48777373069628485617429224546637659809,0.0412504028359652
8,16,231610648733738090348350070561504826428,0.03706090879793748
8,17,73738664645378377900221296518892624899,0.044150821785369
8,18,145474634797650900241020271523850436096,0.037705446342249434
8,19,261169005508765400402500371127640977010,0.03254914598775379
8,20,89249276477823391128271303532470854775,0.036738640025781505
8,21,103093719456075994630678776525959381383,0.02868192072188205
8,22,147016768983593832016799495008626207163,0.03544956493715759
8,23,107035173867630271653323801013939612883,0.04157267160812117
8,24,95025880840533601203129702633158737698,0.03899452143087335
8,25,183163115270735962046688132325640584904,0.03802771511440541
8,26,49523192553516212696385290024658393161,0.04672897196261682
8,27,268411911641187076688169911664212587731,0.044150821785369
8,28,246690913042818826426782804155024069925,0.044150821785369
8,29,297500113003753885751057193980564837394,0.05059619722848856
8,30,6028885106653639006684847946723504239,0.03931679020302933
8,31,285128588293540622950859533171233370369,0.03706090879793748
8,32,20500411266896041098766473719944418774,0.02868192072188205
8,33,292196490000694040574744222997080839343,0.047695778279084756
8,34,111092367746028360472081889779566557937,0.03544956493715759
8,35,31419655659911428008672474876440965146,0.03287141475990976
8,36,301141754713727126733875411535927625166,0.047695778279084756
8,37,45576983768093186020255694137132352241,0.04640670319046084
8,38,53147631616758940355526966568479324834,0.03802771511440541
8,39,228809257599927421029269166296628719815,0.048018047051240735
9,0,327674601933193179933252462354362454131,0.04504782474544894
9,1,136367335248316288884544627175061056576,0.026535020055538414
9,2,10443636136709262831668957333510690773,0.0367170626349892
9,3,279201883629143219760955123064561955261,0.04443073125578525
9,4,107678734554578697361805885374028338381,0.03424868867633447
9,5,150654374159604946199353764052128118978,0.03640851589015736
9,6,200011682044821415314755774934381113457,0.03332304844183894
9,7,101889739874606339081703322235517112067,0.05245294662141314
9,8,63841890822193542567353701929900863853,0.05152730638691762
9,9,16483439452736689872462043326550446881,0.043813637766121565
9,10,154532267712696616752993111472211198739,0.040728170317803146
9,11,162479529298832876101605879955016282194,0.03332304844183894
9,12,97350538134429249352866211694714669774,0.047824745448935516
9,13,169813621236560621159923020382341329484,0.03023758099352052
9,14,106537257319009757232865696707717550690,0.031163221228016045
9,15,294650619834354704291917643657088726717,0.03517432891082999
9,16,50967918555062173524877071360835000865,0.03825979635914841
9,17,159912394157399688865096323652194386418,0.03609996914532552
9,18,237025565180196577040218893290920074648,0.07775377969762419
9,19,210881105441167205716910470390357998970,0.026843566800370255
9,20,22112039436082650465809682986108421828,0.06788028386300525
9,21,315922271638276161842783975284657919291,0.04473927800061709
9,22,119315465626270443785313312490991689887,0.0484418389385992
9,23,16623763503457060751202473543364731156,0.05029311940759025
9,24,123466909228779001218032285488445233837,0.031780314717679725
9,25,132349483476068961800904368722072825146,0.031780314717679725
9,26,284103192965402510819215467980738806104,0.042270904041962355
9,27,154094054394707263105673440027058086904,0.056155507559395246
9,28,325795912472959201879194707636321592384,0.03363159518667078
9,29,319192754411180698053255242811966639193,0.04443073125578525
9,30,241595118720991687356358881237240409691,0.042270904041962355
9,31,299751069746354067666172127808223122514,0.03825979635914841
9,32,299420900144102955920896816765755782990,0.03363159518667078
9,33,143621413728462786060329778982866243193,0.03918543659364394
9,34,188639177288751969833051762277916358087,0.040419623572971304
9,35,119363229801808336585421278670566482174,0.04720765195927183
9,36,133264595175887036924424570045834477724,0.043813637766121565
9,37,130634784514013375494780918176616576169,0.04196235729713051
9,38,94334922557440857648315386918206505473,0.04504782474544894
9,39,225659610031198982381404022305382772772,0.05954952175254551
10,0,281371042270192886371936332999367901132,0.042024267534773604
10,1,156102066432141399979519233449682752509,0.03580941106836342
10,2,39787871258924650411902246384854067077,0.053270198283515834
10,3,17183536875800439436424102051823638174,0.040840485350695475
10,4,282216974878799766050635667522061097980,0.0529742527374963
10,5,330484167934906733504947788263855115356,0.03166617342408997
10,6,249428099314202916298677186535146339734,0.0665877478543948
10,7,9033938648400372313412423622038308570,0.03225806451612903
10,8,331730444081729124775355006262820389414,0.05356614382953537
10,9,142086780222968323799549248975256448769,0.041136430896715
10,10,253567956418125858402681257761329139621,0.03432968333826576
10,11,6891592175384674758703504159348942354,0.06333234684817994
10,12,76017451018173576765407248975045464655,0.06185261911808227
10,13,192410551606910314092013754418501750859,0.032554010062148565
10,14,51805375005269852034182436342700412117,0.04172832198875407
10,15,39652600588610750726652278102609411096,0.0429121041728322
10,16,198905110318696292161327850177708501696,0.05356614382953537
10,17,9087566865566748403815512651788557731,0.029002663509914175
10,18,297832845576358620843594579125299612116,0.05031074282332051
10,19,126302185129635226492783803981894076103,0.04409588635691033
10,20,338783821151208524003843033534054912829,0.05978100029594555
10,21,29049844250452718938679155707221634198,0.046463450725066587
10,22,315448603075115768457193333528284868898,0.042616158626812665
10,23,217967730340602573565606557759460151160,0.05238236164545724
10,24,338250602099794008125507871457799228656,0.052086416099437705
10,25,222634543352299804161671099387709989236,0.04794317845516425
10,26,235974943044075456740125196540670531552,0.05563776265167209
10,27,270345500060091754178687333562009718431,0.03847292098253921
10,28,8751536454318008582172585926478853849,0.04616750517904705
10,29,143543302140180410030729816875003407501,0.05119857946137911
10,30,94217336730303425115825816096773845471,0.03906481207457828
10,31,185210552210953288358612690462178184931,0.03669724770642202
10,32,136378701101527180774674611616357295492,0.03965670316661734
10,33,170830484472891253913451197498408750798,0.05652559928973069
10,34,99486431521728800124403930243499087640,0.04557561408700799
10,35,214185169681692971094096092486068405249,0.05534181710565256
10,36,73981711364790584773681846031598792247,0.037585084344480615
10,37,107990806227864204359936616928977386053,0.04172832198875407
10,38,314382476511448601371466781788992844904,0.03906481207457828
10,39,309776879566107897911345980586439771700,0.03551346552234389
11,0,247504420179759099013863873465133781563,0.056297981234006256
11,1,306619761093634847659071729767693860562,0.05117998294000568
11,2,38569244339271404514091638644794453109,0.03667898777367074
11,3,125817054010758294251923270174552898294,0.038100653966448676
11,4,188605925856644591617488743045953280988,0.05345464884845039
11,5,172655808671020317260291865090220915869,0.03525732158089281
11,6,279255868693755043029657255653671737482,0.052601649132783625
11,7,277651397350690967018068526694661336014,0.04407165197611601
11,8,129253330494132029121320433749170305418,0.04663065112311629
11,9,311756430679686068043072085818458826869,0.037816320727893094
11,10,301624484388333754791841919857848549674,0.03582598805800398
11,11,216400621393758032785650479995337324740,0.055160648279783904
11,12,105316225328732316583071755556927285789,0.04577765140744953
11,13,123672064379978260079161531654638715935,0.03383565538811487
11,14,242647764259032374222730893288366384817,0.03952232015922661
11,15,184910112254467346380284004350677702645,0.0574353141882286
11,16,254235056103753196241172698450985716163,0.04975831674722775
11,17,140996743658933036556380300885472310365,0.03298265567244811
11,18,171279509924536892952750295288766066910,0.04293431902189366
11,19,333205259539334422241245520827791508137,0.04464031845322718
11,20,182491776995686473150497704117980213258,0.041228319590560135
11,21,290864134547426134697135078695344171537,0.045493318168893945
11,22,310161809364154664978202535185055765227,0.0818879727040091
11,23,6113930450351768226274448599634806348,0.037531987489337504
11,24,72809249209241331128560208954626100162,0.045208984930338356
11,25,113074674300783033448002090681496872027,0.04634631788456071
11,26,207496724275289268543582099152772486473,0.044924651691782766
11,27,115778082650918872979609451428535698279,0.045208984930338356
11,28,153886711086913605832639261791380059508,0.048052317315894225
11,29,203756096560107140139195778140524774419,0.05174864941711686
11,30,75626003474237595747051187251675836052,0.04037531987489337
11,31,226656531109847275865121073845824143377,0.04179698606767131
11,32,260420112032875864185203086824617731505,0.05402331532556156
11,33,38174145764762775470300358625278721953,0.049189650270116576
11,34,11076819409993760873850211693993781123,0.04464031845322718
11,35,168602748045148153352835711899279697547,0.05345464884845039
11,36,258825288132101230914850873433375980861,0.07222064259311914
11,37,152187195889690844606619532264223811653,0.04293431902189366
11,38,169480329154526292727290743521060968365,0.04748365083878305
11,39,154266770941754967421911777259823603520,0.04264998578333807
12,0,19986199879258788870619429132083468973,0.03939808481532148
12,1,238061005273433832421748837917017178720,0.059370725034199726
12,2,310638332837325613996832306170434606360,0.04322845417236662
12,3,6272362923861960986465321069413645513,0.0347469220246238
12,4,7330042191672873858654990106045556604,0.05006839945280438
12,5,88495604841460366305875131539594020590,0.059370725034199726
12,6,71808805484873132370289128857096174379,0.06894664842681258
12,7,238174021031235106597989881550829065962,0.0746922024623803
12,8,300187073244835896452362893859027308049,0.024076607387140903
12,9,207429713184956755074859996162396297068,0.03529411764705882
12,10,120188952652466130172813716640398845627,0.05471956224350205
12,11,150195382228298546837611553067259956523,0.05690834473324213
12,12,223020727338157223345790587757065871383,0.058276333789329685
12,13,690151937758746459016052326185142824,0.06538987688098495
12,14,136585695780382359445871278882043383598,0.08755129958960328
12,15,37451748584401323660064100572270925373,0.08700410396716826
12,16,302955954695089175674119013211427092951,0.05499316005471956
12,17,39368631308073543689659748662629948950,0.03064295485636115
12,18,105481040524748775586404343898863490670,0.07086183310533516
12,19,91156242289303898549246199789350673628,0.09001367989056087
12,20,287346602368034272154903832885718495596,0.06101231190150479
12,21,338247827312080133019734045362115970576,0.04432284541723666
12,22,113447923773892269353620442867077652926,0.06101231190150479
12,23,143672876488099415223747065516034173936,0.04158686730506156
12,24,147384314758639243665090034727613941399,0.04514363885088919
12,25,2747378971391322634872205925739760761,0.04076607387140903
12,26,333167501868168886992556333836969080648,0.057181942544459644
12,27,172045288625862509714059759837298015187,0.046511627906976744
12,28,210972320347510817653554657969909967959,0.05389876880984952
12,29,168721556497155277525289328595121402977,0.049247606019151846
12,30,200340546238209611440412128638535145871,0.04459644322845417
12,31,202362316404250468655607496851816968253,0.06292749658002736
12,32,164737550186137945262958591319092708511,0.058549931600547195
12,33,135749999600739469373260904624765989680,0.04131326949384405
12,34,220423349115025444772448043725662317011,0.04103967168262654
12,35,125094517750308079109398256006240695700,0.05143638850889193
12,36,111177041649057642306360306575465829961,0.049247606019151846
12,37,129384792836344969523789079525256945295,0.06785225718194254
12,38,156610715518342093718282877620823959275,0.03447332421340629
12,39,226430363713032759097757771765222053851,0.036935704514363885
13,0,163129285589701374338236063909513881532,0.07803849195887161
13,1,57076073307063264891663193248756078437,0.027682573161086212
13,2,13757331561835222261198768231650073154,0.06248352227788031
13,3,28534623452333639453283578547004485729,0.05141049301344582
13,4,227242702563970692538478260957388757729,0.04613762193514369
13,5,324973136355418408801752218093792567378,0.04745583970471922
13,6,223137919932126438922825459995318317720,0.07329290798839969
13,7,275418129194260791240786676091663348185,0.04613762193514369
13,8,259932644437560822068343860291900989747,0.06670181914052202
13,9,107523741230945085157212604359137240741,0.04903770102820986
13,10,129105949230154203229966071082020412381,0.06933825467967308
13,11,315352355178472330090462501492318873840,0.051674136567360925
13,12,240771444832612348951981598238141309919,0.03743738465594516
13,13,274046308016498216079663994338345974936,0.09069338254679674
13,14,175402414200794085229285832585730611157,0.06933825467967308
13,15,308932912540291981765929869815189151355,0.05879251252306881
13,16,286369754875614652432019656264302977779,0.06037437384655945
13,17,196102005510276006385765771241056881529,0.06063801740047456
13,18,180785532828585235377223886583477579278,0.039019245979435804
13,19,226442882499851392586050009707851926906,0.05114684945953071
13,20,108651297065592621865083510092453112875,0.07250197732665437
13,21,293869410107263155077229508303064466355,0.039810176641181125
13,22,246452483726372333162601516884065708132,0.06485631426311626
13,23,31793330206927802582546849981838275350,0.0427102557342473
13,24,285076994337863357308513944410871543644,0.04719219615080411
13,25,149851471417726312377057886347010833705,0.0664381755866069
13,26,112161915400549430891143453228621845162,0.04508304771948326
13,27,183800636540247954343204620539232235638,0.04640126548905879
13,28,253316366405047887300867696444862639837,0.04402847350382283
13,29,232416619249565495122551232505512878553,0.05114684945953071
13,30,286846727038098628923212926640620682457,0.055101502768257316
13,31,265611380474132889928836975652143976465,0.04613762193514369
13,32,159786351628661595506553794328462395236,0.05035591879778539
13,33,192394384021106746533767154156458680676,0.03480094911679409
13,34,137770877744099190419503075091821249144,0.051937780121276034
13,35,287728439121452256198327867783137922608,0.074083838650145
13,36,178709814266673254931032148361151370612,0.06670181914052202
13,37,207635678573026289160698356257316958865,0.04851041392037965
13,38,155929217954069162484417680173842534806,0.04455576061165305
13,39,204776839746287327253457723311569716845,0.05220142367519114
14,0,290289214734799858287834447953194189876,0.0595268379547189
14,1,27911774619514596915441470321398511728,0.07504451793436785
14,2,315774834752690993228618350408697847566,0.07122869498855253
14,3,92132146554337833178279360494398207816,0.05265835665225133
14,4,153813798001539028153124199039877304867,0.053421521241414395
14,5,89432628157768332954186245371768771886,0.07784278809463241
14,6,308100957758234777261564606950071961526,0.05723734418722971
14,7,298326650148870607773969190854273081198,0.0513864156703129
14,8,78443183202107710924173905838768904700,0.0635970490969219
14,9,50218531490889959898912676915920617085,0.05367590943780209
14,10,44115290365302676476765065519676386484,0.09310607987789367
14,11,80702961722055947371863788699510670774,0.07097430679216485
14,12,295458572584852347732775063279835074101,0.08191299923683541
14,13,110148052500900793448929383692752415312,0.05723734418722971
14,14,239379837237561775927659527001176823138,0.048588145510048336
14,15,78392322183417938667292540380636035352,0.048588145510048336
14,16,244358029303719593756135261162721719635,0.059781226151106585
14,17,203017131065769027021975087861525772067,0.05113202747392521
14,18,39194506316523744393060099167124721316,0.0946324090562198
14,19,207532562690937408322816379093414299132,0.058000508776392776
14,20,23945518110921212764508642790313825989,0.07122869498855253
14,21,209908092969141355081589671855663251617,0.04324599338590689
14,22,135838347803569845936214168034293991033,0.05723734418722971
14,23,306222994938900782014702042342717321786,0.07835156448740778
14,24,140942480964118859901365270661929748004,0.07199185957771559
14,25,36953471009922382309151319134635016858,0.07224624777410328
14,26,192474685487127441232743445793316743305,0.06843042482828797
14,27,291663061076593454896148851375367719015,0.06817603663190028
14,28,12634514914795310064976615299245219051,0.08114983464767235
14,29,24736142920604483963348319636340968497,0.053421521241414395
14,30,329236678438560711138658540219506705224,0.06486899007886034
14,31,128832079412479562851993687280960410323,0.08165861104044772
14,32,138006218333611088930003597258706038642,0.052912744848639025
14,33,236704825102978076699945687207536339946,0.08700076316458916
14,34,84440592396413379028172245044073643116,0.06588654286441109
14,35,241713326637000318478516126603224446020,0.07657084711269398
14,36,278779589848295076172533793507405613375,0.05698295599084203
14,37,50203824088502457679968622538017117014,0.05214958025947596
14,38,78148318835254000489380595771928797066,0.03943017044009158
14,39,264170884792388765898597513307848994425,0.0615619435258204
15,0,237914669426899378838017039107944430104,0.05801376597836775
15,1,3658260657299698894060731579008684183,0.07989183874139626
15,2,307554619198017472104288377220360219118,0.0803834808259587
15,3,212732412303907476811298416722696239266,0.06415929203539823
15,4,52777775926305166967931344590906669498,0.08185840707964602
15,5,156791571820992044071141306839345562506,0.08702064896755163
15,6,113823633553834388831270968445975005142,0.043510324483775814
15,7,221006181197186329441334702248162679011,0.06956735496558505
15,8,225868862774096761748894300620576897561,0.07423795476892822
15,9,144996394522921399963810055559648212345,0.03711897738446411
15,10,160970750097410855107222612463719577819,0.06563421828908554
15,11,308654421450918033096563977370296799633,0.09955752212389381
15,12,94339069263800432304089648124997315756,0.09267453294001966
15,13,161176312165251923640091374237940921373,0.051130776794493606
15,14,176982652210818066151357302364230480840,0.07128810226155359
15,15,217954353079320524809653698664942411949,0.09587020648967552
15,16,164173152973320782628001198962696120010,0.033185840707964605
15,17,280582993211565961815775983153282284622,0.06415929203539823
15,18,302983407568309321363238881271729032531,0.045968534906588004
15,19,214113846549874909571307453618586572542,0.09021632251720747
15,20,259422529644139691815393100473184009436,0.07940019665683383
15,21,126685854217123955530932595576397022890,0.08333333333333333
15,22,224284603376258541850368093046152638751,0.07374631268436578
15,23,131661534811257234600681323601246671058,0.06686332350049164
15,24,134829731645681745203235018023735501838,0.07104228121927236
15,25,236859337944775600444824660282995734910,0.07227138643067847
15,26,305676308545572110133732297831307733066,0.08235004916420846
15,27,132735209279333262767872782053016035968,0.07251720747295969
15,28,232449967481146910014106947856395351455,0.06268436578171091
15,29,15050694048460535347890787795710129150,0.08898721730580138
15,30,295134194588223797760631937356568677211,0.0651425762045231
15,31,216934544347451555467865919294056824237,0.07350049164208457
15,32,146921270065056850242156141014619313175,0.0471976401179941
15,33,103860724413846080301911703900955568746,0.07940019665683383
15,34,317054186672725249525651443302808143587,0.07300884955752213
15,35,85296124882476203955940504296967953402,0.03908554572271387
15,36,287938376998120809379902540078149644635,0.07227138643067847
15,37,200776454473806703874559818426029117680,0.07423795476892822
15,38,175851552318557995838261553944707851419,0.09267453294001966
15,39,33526030251739907077770138113620608653,0.05506391347099312
16,0,188054668597593368502170813090156090049,0.15359010936757014
16,1,52022346773552655482290648325919353954,0.07893485496909178
16,2,275768703032714916492511336903842809381,0.09462672372800761
16,3,303387930403103607656179041664095823353,0.06395625297194484
16,4,173200678778545195741416444316645620516,0.07417974322396577
16,5,292832223389010606571678240591453042528,0.0466000951022349
16,6,34076988434307796784784973697031403694,0.0446980504041845
16,7,254130841929411350178414357885463484368,0.057536852116024724
16,8,136776151604254830443196454900420845656,0.10485021398002853
16,9,227633544821186503589976252169263586521,0.06134094151212553
16,10,189427443004324314018885869047415788225,0.11483594864479316
16,11,253778927944929871686657709140895477431,0.06538278649548264
16,12,102753508661484413719310755608314375856,0.07513076557299096
16,13,309311258329924603101591516538841924456,0.07156443176414645
16,14,222366232476094904651568887344334581506,0.03946742748454589
16,15,182721471095358658472325975927483124933,0.0903471231573942
16,16,94585993466488043225231776511165137327,0.12434617213504517
16,17,89095902278838593954242529325685597586,0.11578697099381835
16,18,139338394403521523371849618031444070587,0.15525439847836425
16,19,130538517764982074117983241994363587218,0.07560627674750357
16,20,85418875032796668843667606217568447414,0.05967665240133143
16,21,248933340540274989347707612445850568844,0.10651450309082264
16,22,228043757447723414231776915717349279600,0.09771754636233952
16,23,274929230751350279639682058575312561794,0.10556348074179743
16,24,21918077775516512290677404119403268042,0.12458392772230148
16,25,203713024578564755750477084645500614781,0.07417974322396577
16,26,80793433141816364256677879447167639199,0.07703281027104136
16,27,266327613203481634705165871939617703683,0.06395625297194484
16,28,260209274242804838575462142766325102884,0.12957679505468378
16,29,36780215685769021033406455668793130339,0.06490727532097004
16,30,223460630948011081477041190951244569882,0.0905848787446505
16,31,215573562762492690614117000975600356534,0.06348074179743224
16,32,242272725645325633953959173637595144296,0.1797432239657632
16,33,242623934946270664025969647343733385320,0.10128388017118402
16,34,77813201234044629649478245254099162530,0.09866856871136472
16,35,200979144954482867022409644743758097956,0.062054208273894434
16,36,101800187448215734748346573256786742696,0.04969091773656681
16,37,255889785126483700864009455212273188749,0.11864003804089396
16,38,66809930257515727021878891031017758599,0.04992867332382311
16,39,115412228365189667018901898875330121525,0.07941036614360437
17,0,249541284288430728805938085539735785180,0.05271639042357274
17,1,253634489776156646684969420684630772599,0.09415285451197053
17,2,222945276787875872620025072244272044008,0.05916206261510129
17,3,330356079248813817953177348283044730929,0.11533149171270718
17,4,286168975367239366063230561890927853948,0.10013812154696132
17,5,160149450248754613237339731874407062532,0.09898710865561694
17,6,332161859489457591437898042363633367234,0.07619705340699816
17,7,239715003615762537119856581430044910974,0.10382136279926335
17,8,262521597904971668815347560145179925672,0.11694290976058933
17,9,275357258162764554224224768407944680292,0.08540515653775323
17,10,133137242441579428748645321895036090102,0.13512891344383057
17,11,287659051089155927621212362925677028035,0.1406537753222836
17,12,271557669583214211966893890122466715149,0.08402394106813996
17,13,323561605545794472039944649999704686958,0.12546040515653775
17,14,106890197831503241520901585377610035352,0.07113259668508287
17,15,306937936838019679137405210658044567941,0.2214548802946593
17,16,237788720711025327087901899147666743781,0.07596685082872928
17,17,141025012386504665827154118077549259166,0.08057090239410682
17,18,330127796360044764247496330395211010101,0.06560773480662983
17,19,151704164053690625247161309742938262023,0.0630755064456722
17,20,230187791618696393571038820913418970960,0.08241252302025782
17,21,92323015668913494149284397254184883566,0.0826427255985267
17,22,269179464267342654392446749386997028957,0.06192449355432781
17,23,193945494527641206144724564791685331601,0.15239410681399632
17,24,173502346102070921500581178211786235693,0.05294659300184162
17,25,315873914175061967952890323531607938708,0.0738950276243094
17,26,294119438810296845282294319261669000548,0.07458563535911603
17,27,204779632150089159264351398597702957659,0.05363720073664825
17,28,19518070494177194563509297558137045492,0.1484806629834254
17,29,178384281207702393957404179610627431865,0.16988950276243095
17,30,178075507089637520786127059947430332599,0.08586556169429098
17,31,278310424455709972878701501325928041437,0.0630755064456722
17,32,339433606236327283378008133461777793021,0.13766114180478822
17,33,247412536964966927097558712349108988941,0.09116022099447514
17,34,174649099994418145664768675940498403689,0.10151933701657459
17,35,270280663954892866915534495033635013620,0.06606813996316759
17,36,107204289412784818024366403516116791991,0.1240791896869245
17,37,134447887092379339544811101203468485019,0.2085635359116022
17,38,65741151796623813928294223020201956380,0.07320441988950276
17,39,129062399833331242398731474630467275208,0.10750460405156538
18,0,190203946175591199055205117534167275801,0.06961178045515395
18,1,230462798093711465400572828460405562872,0.12048192771084337
18,2,138012291515671550004114728749391866538,0.07652833556448015
18,3,327448340889777419743175349819195984879,0.09192324854975457
18,4,36952200250188963635121385544250964393,0.1468094600624721
18,5,89184006115671148421962341101211083437,0.12315930388219545
18,6,295381040873407604679918491596095362742,0.08411423471664435
18,7,198017857126517234003943970624170549426,0.28491744756805
18,8,269609876482844885568495854177100340599,0.143462739848282
18,9,108210229860747317235190166601935141400,0.08946898705934851
18,10,327217151847195245703870545834004457702,0.11869701026327532
18,11,229375867142834663787513172305874961344,0.13119143239625167
18,12,5780146629757544937149232587564640012,0.20593485051316376
18,13,339105914616223308323067110007491601931,0.0995091477019188
18,14,11434424350892298621534524081704874376,0.14368585452922802
18,15,271966144509936737409848394167360147699,0.07385095939312807
18,16,269323438340970968387787476807958880589,0.06827309236947791
18,17,45740984107981911456606931574484566798,0.13096831771530568
18,18,90680234042680109970576277915002823733,0.10954930834448907
18,19,292261595059447416173111337442353070356,0.1686746987951807
18,20,234016804754923530438663269118688848087,0.06157965194109773
18,21,265591027093709403969882037097018058224,0.14904060687193219
18,22,149519868801719766431044150608526269320,0.12628290941543954
18,23,321051738339701582614446604046942699522,0.14926372155287818
18,24,221843616205502914097407013422510520975,0.11512717536813923
18,25,42426084886409799614774545103636270003,0.13966979027219992
18,26,60845150893190530273143617759001187404,0.13877733154841587
18,27,147082443567479812069844036706955178344,0.1278447121820616
18,28,204655788841062858626025347621826676569,0.2565818830879072
18,29,182770902428222779233171641219335787774,0.09883980365908077
18,30,208573266867996352939217312248178353655,0.1213743864346274
18,31,286006550557989951859214549537988214713,0.06358768406961178
18,32,333276832801598942535119527608073672850,0.14970995091477018
18,33,318406169891226233137891741812253403867,0.12427487728692548
18,34,184923688553352529440537559225984785159,0.15796519410977242
18,35,289729573644187710924635690155593538123,0.0997322623828648
18,36,148382944085872287246612323598724046225,0.07786702365015619
18,37,303327745905223601195481197672344399484,0.1318607764390897
18,38,114663854163382346647200686523836137074,0.07318161535029005
18,39,321066342619424697725347851855225946590,0.1501561802766622
19,0,36169306498357899340457640457779136831,0.20497835497835498
19,1,305889535427384524961640428366449734176,0.14653679653679655
19,2,108037498004443910733025273995414843122,0.1025974025974026
19,3,90792030198563804423655700869828017340,0.2510822510822511
19,4,228707988514394279300714588894288666805,0.15021645021645022
19,5,308313431170194336378109262443536886703,0.20367965367965368
19,6,209993825960306719831689704529129587560,0.05930735930735931
19,7,165911955646194859418515777800623016987,0.08961038961038961
19,8,143466931221016128954498608648058239650,0.4344155844155844
19,9,91994679312228234952913062744868478606,0.17467532467532468
19,10,201376018502169884889166182023573641796,0.10216450216450217
19,11,26314209609704699871122319066625005274,0.1738095238095238
19,12,216201835155412750473156939748513403797,0.2487012987012987
19,13,177177507140957217274503158977176628154,0.30844155844155846
19,14,302302693362700802136239527940705360782,0.1435064935064935
19,15,6433190285563423756067121054214200627,0.14025974025974025
19,16,180463983552961062742322445519429800317,0.12077922077922078
19,17,170648447752544490812488703845792868083,0.27164502164502163
19,18,240837929785992747793618195884148955956,0.14415584415584415
19,19,208191324484685805528421765462442139917,0.13658008658008658
19,20,276240651364731684183212086653162537806,0.19393939393939394
19,21,132051023314834639125514813146488326890,0.13116883116883116
19,22,251623392919747016648574036970639223294,0.1937229437229437
19,23,100264748397996807895900236229738368685,0.14393939393939395
19,24,120125780916103812404296886967541158532,0.17142857142857143
19,25,309484116769111688806775824398746023289,0.36753246753246754
19,26,35895790654913077997408348731519393666,0.12229437229437229
19,27,214038283480364535387455105030097192180,0.10173160173160173
19,28,70494779120239597809030525157010506511,0.15194805194805194
19,29,310579267655256302339594012004364401406,0.1748917748917749
19,30,61834142902824493036259888970196434909,0.16948051948051948
19,31,253988062034469371052855455523264151752,0.07922077922077922
19,32,271402364878025500529061595410507674110,0.17337662337662338
19,33,195999997259208768599585549023342913604,0.12207792207792208
19,34,148798977759509290901913645566405857240,0.20952380952380953
19,35,37833214469357297792400159321795186382,0.0803030303030303
19,36,55705943522536031839690043401818986310,0.17943722943722945
19,37,139525640545241385150492274136451859940,0.22337662337662337
19,38,179610212241667914696302250321871278279,0.1341991341991342
19,39,146164082285480043660099682220345845365,0.11212121212121212
20,0,222005987297721389431877715747041727982,0.4020596889449348
20,1,311140760310864947259213703526985464914,0.24064733081126524
20,2,240226079095046790533843614052101217812,0.09815048339638503
20,3,255251005087700093835085138923142412951,0.21899957965531736
20,4,316535988286668794029103470644203636602,0.2900378310214376
20,5,335945069655165232160896314269672354533,0.13871374527112232
20,6,340096951991379557920437290212336601482,0.22929802437999158
20,7,228015358996987731129856310223375506045,0.16078184110970997
20,8,82050161689552727448914473063538745572,0.25346784363177804
20,9,324855924187937067192754348432184129594,0.48738965952080704
20,10,243613591548020758692155836774226714473,0.24968474148802017
20,11,121658838400861633016239390364772001408,0.31378730559058426
20,12,136589684639133441951480097551966314657,0.47330811265237493
20,13,217205501141111889357511382009694654200,0.18810424548129467
20,14,241077737057977255116044486096440335140,0.11622530474989491
20,15,110262085687540901557439923106057506266,0.18348045397225726
20,16,307275481636633533374516447914888770824,0.27742749054224464
20,17,13516053229297999630291924878740562240,0.24779319041614123
20,18,181228630883571760362688374834370376281,0.41277847835224885
20,19,247279092423053522583144373393570040836,0.3848255569567045
20,20,232508828154528577346599472607017074386,0.10844892812105927
20,21,143873771696660335948043115548940451373,0.16708701134930642
20,22,264110925355263723987800952335894606472,0.11958806221101304
20,23,16391026304808512082586010307971728200,0.31420765027322406
20,24,151700111656886480515609282996567809858,0.2709121479613283
20,25,267717210095096268340949195148305312489,0.21584699453551912
20,26,125698231002206000958006381721784319581,0.1450189155107188
20,27,186823819203024857809895622459859956747,0.16288356452290878
20,28,195184643621039750433195499815091134263,0.2635561160151324
20,29,152258822124211997256922943426431115888,0.3400588482555696
20,30,61768987298917239129052825160669014256,0.17906683480453972
20,31,180703277758635064288637752219523208345,0.26061370323665406
20,32,182596359598902069665669482421877429102,0.09100462379150903
20,33,133061703096201765378063998267225700565,0.2576712904581757
20,34,148885518815135993613764298660670072488,0.30327868852459017
20,35,279548023269645992696276507445913981104,0.09394703656998739
20,36,173004732794292493523286122288359743348,0.32051282051282054
20,37,149512256675656524213882124656701756498,0.1853720050441362
20,38,61021727618272326285474547311462513651,0.3015973097940311
20,39,145343352494867233608398253734643835047,0.2551492223623371
21,0,111184663004135078268458604511326936233,0.2520424836601307
21,1,48785670280109299306819271327309668472,0.21691176470588236
21,2,265220611956620572655980745108772357455,0.5259395424836601
21,3,209769727313395865434713048470982707117,0.47181372549019607
21,4,57080584235491118370145426944817005436,0.5004084967320261
21,5,318647404580131401221220240326620177834,0.5308415032679739
21,6,305934811185329519495175263021282188467,0.20322712418300654
21,7,56271946194768217320118818546970177669,0.38480392156862747
21,8,60735248833810620990006727512676245024,0.17116013071895425
21,9,131691678422265438848876573497179051155,0.24959150326797386
21,10,53169869909159598712232280368621248898,0.352124183006536
21,11,184891554525021454457376486008514715953,0.07904411764705882
21,12,72895255457819945767324195182356919307,0.0988562091503268
21,13,21153751936393626772181064992042657003,0.5843545751633987
21,14,189483805019056816770547025375163106148,0.4305555555555556
21,15,288196701698654455586358233621468305128,0.6337826797385621
21,16,131454063259763727673106966644714191351,0.2610294117647059
21,17,159472884157839932829622551176632907582,0.6642156862745098
21,18,2759695942710792837000332896892781684,0.14154411764705882
21,19,89386739499626250944351665855611721956,0.3190359477124183
21,20,49214111166135989805878879131508324509,0.3029003267973856
21,21,149412734437837829462329591746753158678,0.49060457516339867
21,22,222497909006700304373456067191590569594,0.35171568627450983
21,23,113628225324117070170045447768287790558,0.08680555555555555
21,24,138485190239936744504700039501589743148,0.15155228758169934
21,25,219718311940902720212423989578906633457,0.4818218954248366
21,26,58804819317070331186480952190488259281,0.38705065359477125
21,27,290505416687466891516794276132932818841,0.44669117647058826
21,28,291058939306518645828852741054064889409,0.27389705882352944
21,29,155226883177416188175535373341084373070,0.4728349673202614
21,30,272753219426620247700394985583667091215,0.5772058823529411
21,31,142462950556287509967571448195374334295,0.22834967320261437
21,32,98761394902851724496761133221397117695,0.7559232026143791
21,33,82421511868964563926882921876688337484,0.3145424836601307
21,34,225222551863285766737758159289784925402,0.10641339869281045
21,35,192472734411285740840033511090414896914,0.12030228758169935
21,36,126090650094895790739415681431790314903,0.30453431372549017
21,37,197336059079389040277912842249539945752,0.28594771241830064
21,38,325420619049418989550048843667505172664,0.1468545751633987
21,39,58231739661714180236269445589665057037,0.4891748366013072
22,0,167994006115853394308768747280709505340,0.5937624155740961
22,1,241469739879944148986204326778274621743,0.28327373857767185
22,2,240137114610338412729842340095882272551,0.3621374652363925
22,3,179462878313907813527698967517551054265,0.3275725069527215
22,4,259632952693153687245563289977340208953,0.7926102502979738
22,5,148497544865054413234128869360401451905,0.6577274533174414
22,6,48256842127008989065292998131108081211,0.4761620977353993
22,7,315700286279562366388554551523224324703,0.6752085816448152
22,8,285829502070108867235567218282021202650,0.155145013905443
22,9,59430635232264462432299167387159597933,0.6076678585617799
22,10,1849124761944154028509056822238665228,0.2550655542312277
22,11,4003606299556923359716458643012543382,0.2630115216527612
22,12,129097551493510375717413431018878624107,0.14064362336114422
22,13,90677634855593766579331244490761574051,0.3073102900278109
22,14,258062110701359293091924571609948851677,0.4547079856972586
22,15,217004922221243298846770716046563690181,0.44000794596742154
22,16,261685745655074445819017369239945223203,0.732419547079857
22,17,57535150453406678596751170308352645918,0.4225268176400477
22,18,260621358612017726858906202634288014589,0.47040127135478743
22,19,172167083146735475360891408185493662471,0.7659912594358363
22,20,75211989489768212144274213258113513838,0.5015891934843068
22,21,207252802224763985082901464956156617540,0.5742947953913389
22,22,154218692834238497728495004998380899197,0.7789034564958284
22,23,140523183239995525873619554050973656678,0.7208978943186333
22,24,168136468052543738374978627576292757205,0.5013905442987684
22,25,188376124761478561818514832750555017738,0.7059992054032579
22,26,240798337863501710207223212725602950229,0.7270560190703218
22,27,88691455669424665284100796715399317958,0.4545093365117203
22,28,154629547174553831062721415891304423047,0.4411998410806516
22,29,216425759799195450920441805915158435549,0.2794994040524434
22,30,222695861251362137045006094092917494217,0.5486690504568932
22,31,176978361669025438312775325232921111552,0.35299960270162895
22,32,97725433933552546288501928970781175488,0.3988875645609853
22,33,87515529091224313716474338118419358582,0.7405641636869289
22,34,169215952437701157785829464737144138204,0.6029002781088597
22,35,326582816745970234362195507379666112815,0.27910210568136673
22,36,50588145930999715412217095992323200440,0.6523639253079062
22,37,150394664407041056481100911484929024470,0.2487087802940008
22,38,224791166992368312356270204575471121683,0.6330949543106873
22,39,230440176521244883796399325733114716551,0.6744139849026619
23,0,120125114787330392591479114261341930390,0.7830626450116009
23,1,101053190316752237045699639664160445517,0.7376256767208044
23,2,136899950089743493839572339055933570943,0.7909899458623356
23,3,259758797816483201174602970761030151576,0.6954756380510441
23,4,334941234742844738752014279473365985458,0.17807424593967516
23,5,85536833430257569489437006545463777929,0.6366976024748646
23,6,91412480942083939242914743262252475191,0.8188321732405259
23,7,23394018476672011635757963047818861269,0.7848027842227379
23,8,96930714656848368031534169574498835616,0.5879737045630317
23,9,194160646207231438790032401649486778305,0.5928074245939675
23,10,46646460915342883900458800069492750791,0.6071152358855375
23,11,28561386679031794823283125007303692693,0.3837973704563032
23,12,248880649624162114818613075501508084133,0.8101314771848415
23,13,286217568953499267666664781852568849083,0.5711523588553751
23,14,169992122311068512967596244046380691096,0.6264501160092807
23,15,156311555366867350957222810351494468098,0.8008507347254447
23,16,160921934969060549583105513161764853223,0.7074632637277649
23,17,71375495651870748195029821906960472271,0.48839907192575405
23,18,305904278943294816927307875901057865590,0.7521268368136118
23,19,337332055536316272408002726541331623835,0.6571925754060325
23,20,17509517465329427941022280812123151104,0.861368909512761
23,21,243206553015128045152455139981533658763,0.4777648878576953
23,22,328374418598918374792950234516602782018,0.794276875483372
23,23,34175442739570536533039380521393614769,0.7952436194895591
23,24,294686226373204382791089550928545818085,0.3329466357308585
23,25,123233780898954221545626267643773721060,0.5908739365815932
23,26,175975098793984001369545320587826652420,0.6912219644238206
23,27,149540705609321572790163714898156190812,0.7109435421500386
23,28,198041584827248633953214960090345050627,0.4665506573859242
23,29,328109487402496357299859475255953321338,0.7324052590873936
23,30,86026404476733257572116967948902204411,0.8076179427687549
23,31,220117940166086086323344503388910414132,0.5860402165506574
23,32,314410790413411928344644699329064528289,0.7469064191802011
23,33,146973031872438953817521137142133358275,0.8155452436194895
23,34,43189789074658438565060755671836281672,0.8424207269914926
23,35,120884066205609877359815302931833888801,0.6769141531322506
23,36,97908811840848018868828952232369991356,0.8138051044083526
23,37,12561268395154429240486939418978764887,0.7221577726218097
23,38,62551471470011358624116682550597487861,0.5446635730858469
23,39,163451926455196336592506493429451993606,0.7498066511987626
24,0,115984542954575079135749847104601379394,0.7681732580037665
24,1,170459667181284153152771218615482127656,0.8037664783427495
24,2,91396260799756018340454205707442006710,0.8508474576271187
24,3,312733372813757833584339823064046869135,0.7807909604519774
24,4,253592702526639829959369355170144196288,0.7421845574387947
24,5,214616983563685031973548312409249003619,0.7909604519774012
24,6,28662105244709122088687003755781855922,0.6757062146892655
24,7,110066004758983534486027875856543322018,0.6329566854990584
24,8,269319977531223445797182083671105370990,0.8171374764595104
24,9,2830821279812238317063952401635932333,0.8391713747645951
24,10,273412205434622994572788531770830579882,0.7555555555555555
24,11,288726779131664609145811472324828283800,0.8670433145009416
24,12,38044766819921195523508411584745176172,0.9024482109227872
24,13,143616984543090619218556466536851405175,0.8871939736346516
24,14,133148286883010381623331555486592412093,0.8408662900188324
24,15,43402415722920994445809174295160332818,0.8472693032015066
24,16,142434239059664296577350458308212722475,0.5116760828625235
24,17,193930559712034588959717056178928960223,0.8638418079096045
24,18,6403384001598108130371689943306538155,0.8387947269303202
24,19,139103219207476322732606302262384741400,0.8421845574387947
24,20,26459314656938088832666885480885642054,0.8491525423728814
24,21,205233693901772792579490727932128071638,0.8860640301318268
24,22,6423145754450394808882772020138098373,0.8442561205273069
24,23,160931428781042753802284451903481587832,0.8222222222222222
24,24,199077450117566481881756995106854613589,0.7342749529190207
24,25,251759987658347400254011112056652560603,0.6971751412429379
24,26,280048978537253050224882866531954822976,0.8578154425612052
24,27,110904045163870620255155803198569909571,0.8269303201506591
24,28,115207157915607131286184663761016456244,0.8478342749529191
24,29,15507876433323727469665464850753003453,0.8930320150659133
24,30,317929511583196888045790112271160983936,0.8416195856873823
24,31,296334432617829898312102028017841108372,0.8143126177024482
24,32,51401549941593829843988935487421408999,0.8350282485875706
24,33,23004108444012595212353635714879994468,0.7873822975517891
24,34,212954496443220336628426294532987771239,0.8158192090395481
24,35,50014202585931147559101697458822854773,0.8197740112994351
24,36,153757245860931815837737651451685351027,0.5397363465160075
24,37,144665936285669138553890507060121195014,0.8301318267419963
24,38,241133583743273641310934007632863855935,0.5340866290018832
24,39,185399566620635349492612959903731751877,0.48568738229755176
25,0,165768364371176741767018022367264354991,0.882525697503671
25,1,255809990187438349381590056597947741203,0.8518722466960352
25,2,263221030482754430314732534192894101640,0.9157488986784141
25,3,64305185436329552205962842305495105490,0.8792217327459618
25,4,17676368337952522850843354487778344063,0.9205212922173275
25,5,7888286303176793986725005027167230362,0.8986784140969163
25,6,262030931931281753436497896967629211478,0.7924008810572687
25,7,258251561175417113759306434770335584634,0.7868942731277533
25,8,322628979082635508670422478818532121317,0.794970631424376
25,9,73989392559639467950797186466595575258,0.881791483113069
25,10,79392565715009467913870525977147341122,0.9087738619676946
25,11,230987150518060503948843515383119576308,0.874632892804699
25,12,291627546417176584953810040317926745086,0.8805066079295154
25,13,322450639179662442999777371620435186017,0.8977606461086637
25,14,81162395791013600177988337499185869969,0.8999632892804699
25,15,236258994919903507060350294983685900745,0.8001101321585903
25,16,238236155678178745556305503998002726306,0.8979441997063142
25,17,102021037427568088231622341933792715643,0.8087371512481645
25,18,55005990549612249192082092871218346173,0.9131791483113069
25,19,299759238576698904812821792672621959954,0.8794052863436124
25,20,76581888004826276432124828719644324495,0.9361233480176211
25,21,1247878792728671103742877993983429878,0.8652716593245228
25,22,292617812469150474010485449802118311266,0.9190528634361234
25,23,243130258553899142908726369971291331367,0.8177312775330396
25,24,124452999766448247674551053849305363406,0.8459985315712188
25,25,49986826639806916774720739971666508249,0.8672907488986784
25,26,241751970973392988676802838183152465212,0.7729441997063142
25,27,202710002526007291664338246041672635921,0.906754772393539
25,28,82577480713251902598567234546790156455,0.9106093979441997
25,29,98811264914726069603794143285342878085,0.9032672540381792
25,30,301989163022240512850499672624287572896,0.9131791483113069
25,31,133591625214876183940799285993471866102,0.8729809104258444
25,32,293629828759264328789936462355440896070,0.8258076358296622
25,33,40763453618719841238726442906920566294,0.8608663729809104
25,34,52541246998743239667283168536570195493,0.9096916299559471
25,35,70446810933029159244754611142906395763,0.9060205580029369
25,36,200070675320729147270902940897987217849,0.9091409691629956
25,37,248552593512988217320370213231036236835,0.8898678414096917
25,38,181255894830426021290309917553948304671,0.8885829662261381
25,39,54828788371472005295858628416906735183,0.8702276064610867
26,0,159480467525781494596380837930865229028,0.9083422842821339
26,1,115378184664067291475930734897222039053,0.920515574650913
26,2,325469217372551363680270841407043183784,0.9146079484425349
26,3,185619896216405405714484043351892029770,0.9262441818832796
26,4,338605238106181954556448256518001421420,0.9147869674185464
26,5,187522236823345038026583721756474590760,0.920515574650913
26,6,294611511627291654367432007952207561170,0.930719656283566
26,7,118398197516748081921522689076094522009,0.9094163981382026
26,8,338100807313584184716030649531589268945,0.874328678839957
26,9,127654187902826040932489617169429202425,0.9400286430361618
26,10,243732997368190363625521917590171408913,0.9052989616899392
26,11,190296328285768856148479911401455537642,0.9206945936269244
26,12,114754093044646441284436561095894898228,0.920515574650913
26,13,52107587437192898900067426693247357203,0.9183673469387755
26,14,219967973912520954213699764685437474025,0.9214106695309703
26,15,51826197986638753188623904027443605748,0.8861439312567132
26,16,102312706336549974561425594754066521548,0.9357321876118868
26,17,234625463838736690769004530764038818327,0.8431793770139635
26,18,43446643607934135867808398769467762477,0.918546365914787
26,19,122706565523189254760146965739123584557,0.9088793412101682
26,20,75505138338493012122967937624231597426,0.9149659863945578
26,21,312610738259125754671386155269410219933,0.9189044038668098
26,22,260390402689338149575717841525565882132,0.9122807017543859
26,23,221706382060643647000401490187898315212,0.9328678839957035
26,24,109831339556019612712332034518132790550,0.9486215538847118
26,25,84292854282990879473153068549222632975,0.9158610812746151
26,26,299460322478052876179620866915758385079,0.9230218403150734
26,27,29797496110031592014896442488410189023,0.918546365914787
26,28,197058998166680338617612686202434838392,0.9147869674185464
26,29,68112606078385545236383913108017147769,0.9085213032581454
26,30,134472374137196616537086722446850001057,0.899749373433584
26,31,143784381369220364353011633632339412064,0.9377013963480129
26,32,198270491619148326680172581526729791452,0.9189044038668098
26,33,55826653234546103656833679917251860282,0.9097744360902256
26,34,118655635238650869024348377259105353458,0.9341210168277837
26,35,119709088107495271360454680902800289258,0.9027926960257787
26,36,297772835641659194456223438170651654298,0.9328678839957035
26,37,176405649318841059864125199492732342405,0.8925886143931256
26,38,327664661297458160218136732728139994338,0.9137128535624777
26,39,30776129577624167133096804375053599744,0.9477264590046545
27,0,301729342365310695273850793984411378965,0.9465408805031447
27,1,95657037862368011843549759182911660552,0.9446191474493362
27,2,28786472493777011815638885778869332120,0.9477638015373865
27,3,104761370164354858605383701118057018498,0.9192872117400419
27,4,184387132294042326383686007334196840768,0.9241788958770091
27,5,82812979621299551247338319924670905226,0.9453179594689028
27,6,185971960451357966408914853709875361727,0.9267994409503844
27,7,37791533917055616634459200692578950975,0.946366177498253
27,8,57145545064933081702388508652505269124,0.9439203354297694
27,9,252503840062779421956953365124653881912,0.9412997903563941
27,10,8799670933892313886714094607747757390,0.9514325646401118
27,11,124618695407157704068068529225601292696,0.9334381551362684
27,12,227560672577645952547794970916910866184,0.9250524109014675
27,13,316574017900634658971934701014535445964,0.953529000698812
27,14,26523995599852451465872710867813857110,0.9334381551362684
27,15,79561168157308473329737526784635772564,0.9266247379454927
27,16,189949676514813312297436151646994795805,0.9477638015373865
27,17,140272157023859255344095878648382820796,0.9039133473095737
27,18,147627507480150787945754750234397091688,0.9378057302585604
27,19,318176380648177409671618380697317340347,0.939203354297694
27,20,165186112452035174734382793501422724870,0.93256464011181
27,21,26460409040758517431979274741033971956,0.9376310272536688
27,22,143721805029773629415408040451592666424,0.8976240391334731
27,23,17574275770232865992214593613444973633,0.9484626135569532
27,24,272390156017378868954469462157794263955,0.9467155835080363
27,25,148125256925212026818305532852534955879,0.953529000698812
27,26,144451234987393101479743421536917218430,0.9122990915443746
27,27,89320874511869814113195436818895599311,0.9386792452830188
27,28,68541128609440310415387253088801775855,0.9474143955276031
27,29,65576955848982065949674556934742714811,0.9439203354297694
27,30,232006728297935448763601521624942291782,0.9138714185883997
27,31,254023019519752815096101840748228658195,0.926974143955276
27,32,221655134610240361138000887605592524437,0.9465408805031447
27,33,7253671445089919193132196392674719495,0.9465408805031447
27,34,299052569567704461217652265473223952303,0.9355345911949685
27,35,79445433714430229246995321879101003809,0.9372816212438854
27,36,56521215621890842509277248167858939739,0.9346610761705101
27,37,52151374478499136886719861268598365217,0.9453179594689028
27,38,144174234949340588243361488798107321646,0.9332634521313766
27,39,87452766806512604956942854976547730530,0.9428721174004193
28,0,255182457258211529327719893472932950349,0.9546229955646537
28,1,324777508382026022826060930705048556940,0.9019106107130672
28,2,61993753198552972218171275199170598279,0.9588877516206074
28,3,185289171134691281195764301360073696168,0.9448993517570795
28,4,240798290949372743432064637698426705014,0.9486523370863187
28,5,131104878491296026293619191196344897946,0.9532582736267485
28,6,64027833624564804381211014597839745101,0.9481405663596042
28,7,82926736456918399356358836859938350106,0.9534288638689867
28,8,288564865943417683461694977794024195057,0.9544524053224156
28,9,200880941324466419209366426960794817874,0.9413169566700784
28,10,314927221911862425339653163277137424950,0.9558171272603208
28,11,274415639198878930982269522900175272499,0.9454111224837939
28,12,108699159429842298113501071839430324009,0.9554759467758445
28,13,220222167040361229570652128435541123585,0.9542818150801774
28,14,48055991347152788542532712993634323952,0.9472876151484135
28,15,280755774755018675278351231872905782658,0.944387581030365
28,16,230852066730681461423053937424380523406,0.9578642101671785
28,17,232922456004428013711567233275292209938,0.9546229955646537
28,18,263554064472647477575948368085941663397,0.9430228590924599
28,19,291464882691440405971710009575482393097,0.9450699419993176
28,20,334690242809707833848787242483130637400,0.9628113271920846
28,21,247699778639693739251826935298895651320,0.9517229614466053
28,22,218472326362932220509927396649937954534,0.9377345615830774
28,23,200656573210061126061372695203644425539,0.946775844421699
28,24,67032633824655686708822068058268044710,0.9518935516888434
28,25,59790077065409061185236506092283463077,0.9409757761856021
28,26,66636365659813549156308320251920213234,0.9423404981235073
28,27,293619897020872009788471227679719107746,0.9628113271920846
28,28,300168434890796774852496880261813028626,0.959740702831798
28,29,251599470046529507920285465665215096983,0.946605254179461
28,30,327973296803171665250623759615797742285,0.9677584442169908
28,31,294388995242046049034940317129810352726,0.9590583418628454
28,32,168601138765759349155985146446769584451,0.9344933469805528
28,33,208428185581742654987745630319786613131,0.9428522688502218
28,34,287509374693204409966661221523808441782,0.9454111224837939
28,35,169615813307661303554331916663821308917,0.9570112589559877
28,36,79603067065830839080525862724824781944,0.9651995905834186
28,37,64904471716077718635058696294170418913,0.9544524053224156
28,38,324254089391375016224735850586950823804,0.9541112248379393
28,39,90547372011947367177323211124678440398,0.9508700102354145
29,0,205387846356206750999859833260810826820,0.96
29,1,43580395621081555833730146718733942327,0.975
29,2,100188664347263434425351140258843569844,0.9458333333333333
29,3,301659775631811003220181518822080773089,0.962
29,4,136761618106517638300977124525458314730,0.961
29,5,216847659110210714399502410898042412077,0.8985
29,6,216131360050545268888782645630510619871,0.9513333333333334
29,7,173709557424275675663081588554948587998,0.9605
29,8,46671258273219934670589926753576496045,0.957
29,9,96811698131980629571556083062982803664,0.9671666666666666
29,10,107533776252439721686375302429612611917,0.9676666666666667
29,11,126976310396164702196026190754001386654,0.9753333333333334
29,12,253195264822443037780563441132599328208,0.9705
29,13,304054145621789068882443440549976378183,0.9445
29,14,261658711121560425171154266605430891047,0.9596666666666667
29,15,215769230267798029777868803393600508401,0.9528333333333333
29,16,268499244299157738990790839703288259044,0.9661666666666666
29,17,32080213615989176833217828159895356260,0.9496666666666667
29,18,36663662813737965922330272365295690950,0.9613333333333334
29,19,301323722330989101344640405784855673622,0.9468333333333333
29,20,332835773422173886349221384733409532332,0.9631666666666666
29,21,14746371233704478772444103797048865961,0.9688333333333333
29,22,161014040929332195095843666761573929646,0.9678333333333333
29,23,35764614378916535382009328823949600660,0.9681666666666666
29,24,324104443603655119570578960850730677068,0.9591666666666666
29,25,294102362180287932687937607046014314908,0.9685
29,26,321555095523928638367339670658205124827,0.9645
29,27,149877088191342070122701290340332053201,0.9755
29,28,316943370135829869175444856113515700311,0.9603333333333334
29,29,32340078920641033474006335081253808622,0.9701666666666666
29,30,287916108713860655885295495485945312698,0.961
29,31,99298759096006276802871040392302299370,0.968
29,32,102370569654440501008565153703154593047,0.969
29,33,24177705828105017723789363616837312132,0.9416666666666667
29,34,252366426778428219561502652733268861146,0.9605
29,35,154158788438290532726014222282231942900,0.9661666666666666
29,36,32953735281552704846557162157330317696,0.9761666666666666
29,37,17296042962581558895934332015457197500,0.9471666666666667
29,38,295276480619283652544464795944682471314,0.9568333333333333
29,39,85280395660010470191970376895108511473,0.9646666666666667
